doc_id,stock_code,company_name,report_type,year,penalty_year,title,publish_date,pdf_url,local_pdf_path,download_status,error_message
000401_esg_2013_c070160e,000401,唐山冀东水泥股份有限公司,esg,2013,,2013年度社会责任报告,2014-04-15,http://static.cninfo.com.cn/finalpage/2014-04-15/63839523.PDF,000401_金隅冀东\pdf\000401_2013_CSR.pdf,success,
000401_annual_2013_e469dfdd,000401,唐山冀东水泥股份有限公司,annual,2013,,2013年年度报告,2014-04-15,http://static.cninfo.com.cn/finalpage/2014-04-15/63839496.PDF,000401_金隅冀东\pdf\000401_2013_年报.pdf,success,
000401_annual_2014_4af69603,000401,唐山冀东水泥股份有限公司,annual,2014,,2014年年度报告,2015-04-14,http://static.cninfo.com.cn/finalpage/2015-04-14/1200826167.PDF,000401_金隅冀东\pdf\000401_2014_年报.pdf,success,
000401_esg_2014_ab95a308,000401,唐山冀东水泥股份有限公司,esg,2014,,2014年度社会责任报告,2015-04-14,http://static.cninfo.com.cn/finalpage/2015-04-14/1200826172.PDF,000401_金隅冀东\pdf\000401_2014_CSR.pdf,success,
000401_annual_2015_989ef3d3,000401,唐山冀东水泥股份有限公司,annual,2015,,2015年年度报告,2016-04-12,http://static.cninfo.com.cn/finalpage/2016-04-12/1202162448.PDF,000401_金隅冀东\pdf\000401_2015_年报.pdf,success,
000401_esg_2016_203a1567,000401,唐山冀东水泥股份有限公司,esg,2016,,2016年度社会责任报告,2017-03-23,http://static.cninfo.com.cn/finalpage/2017-03-23/1203186346.PDF,000401_金隅冀东\pdf\000401_2016_CSR.pdf,success,
000401_esg_2017_3548a1f1,000401,唐山冀东水泥股份有限公司,esg,2017,,2017年度社会责任报告,2018-03-23,http://static.cninfo.com.cn/finalpage/2018-03-23/1204506072.PDF,000401_金隅冀东\pdf\000401_2017_CSR.pdf,success,
000401_annual_2018_a7485286,000401,唐山冀东水泥股份有限公司,annual,2018,,2018年年度报告,2019-03-21,http://static.cninfo.com.cn/finalpage/2019-03-21/1205921805.PDF,000401_金隅冀东\pdf\000401_2018_年报.pdf,success,
000401_esg_2018_9be0c6f3,000401,唐山冀东水泥股份有限公司,esg,2018,,2018年度社会责任报告,2019-03-21,http://static.cninfo.com.cn/finalpage/2019-03-21/1205921788.PDF,000401_金隅冀东\pdf\000401_2018_CSR.pdf,success,
000401_esg_2019_459e041f,000401,唐山冀东水泥股份有限公司,esg,2019,,2019年度社会责任报告,2020-03-19,http://static.cninfo.com.cn/finalpage/2020-03-19/1207383176.PDF,000401_金隅冀东\pdf\000401_2019_CSR.pdf,success,
000401_annual_2019_2c0e6690,000401,唐山冀东水泥股份有限公司,annual,2019,,2019年年度报告,2020-04-10,http://static.cninfo.com.cn/finalpage/2020-04-10/1207471843.PDF,000401_金隅冀东\pdf\000401_2019_年报.pdf,success,
000401_esg_2020_849e488f,000401,唐山冀东水泥股份有限公司,esg,2020,,2020年度社会责任报告,,,000401_金隅冀东\pdf\000401_2020_CSR.pdf,success,
000401_esg_2021_bbacac41,000401,唐山冀东水泥股份有限公司,esg,2021,,2021年度社会责任报告,,,000401_金隅冀东\pdf\000401_2021_CSR.pdf,success,
000401_annual_2022_68863a00,000401,唐山冀东水泥股份有限公司,annual,2022,,2022年年度报告,2023-03-29,http://static.cninfo.com.cn/finalpage/2023-03-29/1216245883.PDF,000401_金隅冀东\pdf\000401_2022_年报.pdf,success,
000401_esg_2022_5f70d571,000401,唐山冀东水泥股份有限公司,esg,2022,,2022年度社会责任报告,,,000401_金隅冀东\pdf\000401_2022_CSR.pdf,success,
000401_esg_2023_8f022c2e,000401,唐山冀东水泥股份有限公司,esg,2023,,2023年度社会责任报告,,,000401_金隅冀东\pdf\000401_2023_CSR.pdf,success,
000401_annual_2023_ccca70a6,000401,唐山冀东水泥股份有限公司,annual,2023,,2023年年度报告,2024-03-28,http://static.cninfo.com.cn/finalpage/2024-03-28/1219429029.PDF,000401_金隅冀东\pdf\000401_2023_年报.pdf,success,
000401_annual_2024_c892617d,000401,唐山冀东水泥股份有限公司,annual,2024,,2024年年度报告,2025-03-28,http://static.cninfo.com.cn/finalpage/2025-03-28/1222928055.PDF,000401_金隅冀东\pdf\000401_2024_年报.pdf,success,
000401_esg_2024_c23c4e4d,000401,唐山冀东水泥股份有限公司,esg,2024,,2024年度社会责任报告,,,000401_金隅冀东\pdf\000401_2024_CSR.pdf,success,
000488_annual_2013_75a2ebd7,000488,山东晨鸣纸业集团股份有限公司,annual,2013,,2013年年度报告,2014-03-21,http://static.cninfo.com.cn/finalpage/2014-03-21/63703220.PDF,000488_ST晨鸣\pdf\000488_2013_年报.pdf,success,
000488_annual_2014_27e56aa7,000488,山东晨鸣纸业集团股份有限公司,annual,2014,,2014年年度报告,2015-03-27,http://static.cninfo.com.cn/finalpage/2015-03-27/1200747401.PDF,000488_ST晨鸣\pdf\000488_2014_年报.pdf,success,
000488_annual_2018_c121c52d,000488,山东晨鸣纸业集团股份有限公司,annual,2018,,2018年年度报告,2019-03-30,http://static.cninfo.com.cn/finalpage/2019-03-30/1205967466.PDF,000488_ST晨鸣\pdf\000488_2018_年报.pdf,success,
000488_annual_2019_c1965ee2,000488,山东晨鸣纸业集团股份有限公司,annual,2019,,2019年年度报告,2020-03-28,http://static.cninfo.com.cn/finalpage/2020-03-28/1207418330.PDF,000488_ST晨鸣\pdf\000488_2019_年报.pdf,success,
000488_annual_2020_66798411,000488,山东晨鸣纸业集团股份有限公司,annual,2020,,2020年年度报告,2021-03-26,http://static.cninfo.com.cn/finalpage/2021-03-26/1209453901.PDF,000488_ST晨鸣\pdf\000488_2020_年报.pdf,success,
000488_annual_2021_0ac79af9,000488,山东晨鸣纸业集团股份有限公司,annual,2021,,2021年年度报告,2022-03-31,http://static.cninfo.com.cn/finalpage/2022-03-31/1212748493.PDF,000488_ST晨鸣\pdf\000488_2021_年报.pdf,success,
000488_esg_2022_340358e2,000488,山东晨鸣纸业集团股份有限公司,esg,2022,,2022年度社会责任报告,,,000488_ST晨鸣\pdf\000488_2022_CSR.pdf,success,
000488_annual_2023_a35fb1aa,000488,山东晨鸣纸业集团股份有限公司,annual,2023,,2023年年度报告,2024-03-29,http://static.cninfo.com.cn/finalpage/2024-03-29/1219444229.PDF,000488_ST晨鸣\pdf\000488_2023_年报.pdf,success,
000488_esg_2023_d4cab072,000488,山东晨鸣纸业集团股份有限公司,esg,2023,,2023年度社会责任报告,,,000488_ST晨鸣\pdf\000488_2023_CSR.pdf,success,
000488_esg_2024_832e9a5a,000488,山东晨鸣纸业集团股份有限公司,esg,2024,,2024年度社会责任报告,,,000488_ST晨鸣\pdf\000488_2024_CSR.pdf,success,
000538_esg_2013_69607494,000538,云南白药集团股份有限公司,esg,2013,,2013年度社会责任报告,,,000538_云南白药\pdf\000538_2013_CSR.pdf,success,
000538_annual_2013_93879245,000538,云南白药集团股份有限公司,annual,2013,,2013年年度报告,2014-03-28,http://static.cninfo.com.cn/finalpage/2014-03-28/63737178.PDF,000538_云南白药\pdf\000538_2013_年报.pdf,success,
000538_annual_2014_f2f8e5ec,000538,云南白药集团股份有限公司,annual,2014,,2014年年度报告,2015-04-28,http://static.cninfo.com.cn/finalpage/2015-04-28/1200920599.PDF,000538_云南白药\pdf\000538_2014_年报.pdf,success,
000538_esg_2014_799b2909,000538,云南白药集团股份有限公司,esg,2014,,2014年度社会责任报告,2015-04-28,http://static.cninfo.com.cn/finalpage/2015-04-28/1200920597.PDF,000538_云南白药\pdf\000538_2014_CSR.pdf,success,
000538_annual_2015_7857441b,000538,云南白药集团股份有限公司,annual,2015,,2015年年度报告,2016-04-20,http://static.cninfo.com.cn/finalpage/2016-04-20/1202202891.PDF,000538_云南白药\pdf\000538_2015_年报.pdf,success,
000538_esg_2015_decfe506,000538,云南白药集团股份有限公司,esg,2015,,2015年度社会责任报告,2016-04-20,http://static.cninfo.com.cn/finalpage/2016-04-20/1202202874.PDF,000538_云南白药\pdf\000538_2015_CSR.pdf,success,
000538_annual_2016_8e7cbc6d,000538,云南白药集团股份有限公司,annual,2016,,2016年年度报告,2017-04-22,http://static.cninfo.com.cn/finalpage/2017-04-22/1203357001.PDF,000538_云南白药\pdf\000538_2016_年报.pdf,success,
000538_esg_2016_a1c879a1,000538,云南白药集团股份有限公司,esg,2016,,2016年度社会责任报告,,,000538_云南白药\pdf\000538_2016_CSR.pdf,success,
000538_esg_2017_67b2372f,000538,云南白药集团股份有限公司,esg,2017,,2017年度社会责任报告,,,000538_云南白药\pdf\000538_2017_CSR.pdf,success,
000538_annual_2017_66d9ef3c,000538,云南白药集团股份有限公司,annual,2017,,2017年年度报告,2018-04-12,http://static.cninfo.com.cn/finalpage/2018-04-12/1204617005.PDF,000538_云南白药\pdf\000538_2017_年报.pdf,success,
000538_esg_2018_e63f0de2,000538,云南白药集团股份有限公司,esg,2018,,2018年度社会责任报告,,,000538_云南白药\pdf\000538_2018_CSR.pdf,success,
000538_esg_2019_a96ddad7,000538,云南白药集团股份有限公司,esg,2019,,2019年度社会责任报告,,,000538_云南白药\pdf\000538_2019_CSR.pdf,success,
000538_annual_2021_3c7353c4,000538,云南白药集团股份有限公司,annual,2021,,2021年年度报告,2022-03-26,http://static.cninfo.com.cn/finalpage/2022-03-26/1212688576.PDF,000538_云南白药\pdf\000538_2021_年报.pdf,success,
000538_esg_2021_ebbd6e05,000538,云南白药集团股份有限公司,esg,2021,,2021年度社会责任报告,,,000538_云南白药\pdf\000538_2021_CSR.pdf,success,
000538_annual_2022_2be6dcc1,000538,云南白药集团股份有限公司,annual,2022,,2022年年度报告,2023-03-31,http://static.cninfo.com.cn/finalpage/2023-03-31/1216280778.PDF,000538_云南白药\pdf\000538_2022_年报.pdf,success,
000538_esg_2022_647ef3b7,000538,云南白药集团股份有限公司,esg,2022,,2022年度社会责任报告,,,000538_云南白药\pdf\000538_2022_CSR.pdf,success,
000538_annual_2023_102d262f,000538,云南白药集团股份有限公司,annual,2023,,2023年年度报告,2024-04-11,http://static.cninfo.com.cn/finalpage/2024-04-11/1219564958.PDF,000538_云南白药\pdf\000538_2023_年报.pdf,success,
000538_esg_2023_2fda99ad,000538,云南白药集团股份有限公司,esg,2023,,2023年度社会责任报告,2024-04-11,http://static.cninfo.com.cn/finalpage/2024-04-11/1219564959.PDF,000538_云南白药\pdf\000538_2023_CSR.pdf,success,
000538_annual_2024_42965cc7,000538,云南白药集团股份有限公司,annual,2024,,2024年年度报告,2025-04-23,http://static.cninfo.com.cn/finalpage/2025-04-23/1223214596.PDF,000538_云南白药\pdf\000538_2024_年报.pdf,success,
000538_esg_2024_fc0a1280,000538,云南白药集团股份有限公司,esg,2024,,2024年度社会责任报告,,,000538_云南白药\pdf\000538_2024_CSR.pdf,success,
000726_esg_2013_23e55247,000726,鲁泰纺织股份有限公司,esg,2013,,2013年度社会责任报告,2014-03-27,http://static.cninfo.com.cn/finalpage/2014-03-27/63730859.PDF,000726_鲁泰A\pdf\000726_2013_CSR.pdf,success,
000726_annual_2013_691aba64,000726,鲁泰纺织股份有限公司,annual,2013,,2013年年度报告,2014-03-27,http://static.cninfo.com.cn/finalpage/2014-03-27/63730861.PDF,000726_鲁泰A\pdf\000726_2013_年报.pdf,success,
000726_annual_2014_b41cf6a8,000726,鲁泰纺织股份有限公司,annual,2014,,2014年年度报告,2015-04-04,http://static.cninfo.com.cn/finalpage/2015-04-04/1200787593.PDF,000726_鲁泰A\pdf\000726_2014_年报.pdf,success,
000726_esg_2014_250865b2,000726,鲁泰纺织股份有限公司,esg,2014,,2014年度社会责任报告,2015-03-31,http://static.cninfo.com.cn/finalpage/2015-03-31/1200766722.PDF,000726_鲁泰A\pdf\000726_2014_CSR.pdf,success,
000726_annual_2015_570c0dfa,000726,鲁泰纺织股份有限公司,annual,2015,,2015年年度报告,2016-03-30,http://static.cninfo.com.cn/finalpage/2016-03-30/1202098352.PDF,000726_鲁泰A\pdf\000726_2015_年报.pdf,success,
000726_esg_2015_7a146bea,000726,鲁泰纺织股份有限公司,esg,2015,,2015年度社会责任报告,2016-03-30,http://static.cninfo.com.cn/finalpage/2016-03-30/1202098735.PDF,000726_鲁泰A\pdf\000726_2015_CSR.pdf,success,
000726_annual_2016_45a440af,000726,鲁泰纺织股份有限公司,annual,2016,,2016年年度报告,2017-03-30,http://static.cninfo.com.cn/finalpage/2017-03-30/1203223459.PDF,000726_鲁泰A\pdf\000726_2016_年报.pdf,success,
000726_esg_2016_b74b1c6b,000726,鲁泰纺织股份有限公司,esg,2016,,2016年度社会责任报告,2017-03-30,http://static.cninfo.com.cn/finalpage/2017-03-30/1203223462.PDF,000726_鲁泰A\pdf\000726_2016_CSR.pdf,success,
000726_esg_2017_66a759e5,000726,鲁泰纺织股份有限公司,esg,2017,,2017年度社会责任报告,2018-04-17,http://static.cninfo.com.cn/finalpage/2018-04-17/1204639402.PDF,000726_鲁泰A\pdf\000726_2017_CSR.pdf,success,
000726_annual_2017_4ea89d9d,000726,鲁泰纺织股份有限公司,annual,2017,,2017年年度报告,2018-04-17,http://static.cninfo.com.cn/finalpage/2018-04-17/1204639397.PDF,000726_鲁泰A\pdf\000726_2017_年报.pdf,success,
000726_esg_2018_d91d89a9,000726,鲁泰纺织股份有限公司,esg,2018,,2018年度社会责任报告,2019-03-29,http://static.cninfo.com.cn/finalpage/2019-03-29/1205954277.PDF,000726_鲁泰A\pdf\000726_2018_CSR.pdf,success,
000726_esg_2019_29052424,000726,鲁泰纺织股份有限公司,esg,2019,,2019年度社会责任报告,2020-04-30,http://static.cninfo.com.cn/finalpage/2020-04-30/1207679397.PDF,000726_鲁泰A\pdf\000726_2019_CSR.pdf,success,
000726_annual_2019_811fd393,000726,鲁泰纺织股份有限公司,annual,2019,,2019年年度报告,2020-05-06,http://static.cninfo.com.cn/finalpage/2020-05-06/1207703492.PDF,000726_鲁泰A\pdf\000726_2019_年报.pdf,success,
000726_annual_2020_9114084f,000726,鲁泰纺织股份有限公司,annual,2020,,2020年年度报告,2021-03-31,http://static.cninfo.com.cn/finalpage/2021-03-31/1209487064.PDF,000726_鲁泰A\pdf\000726_2020_年报.pdf,success,
000726_annual_2021_b9ad23a9,000726,鲁泰纺织股份有限公司,annual,2021,,2021年年度报告,2022-04-29,http://static.cninfo.com.cn/finalpage/2022-04-29/1213209399.PDF,000726_鲁泰A\pdf\000726_2021_年报.pdf,success,
000726_annual_2022_c90450c3,000726,鲁泰纺织股份有限公司,annual,2022,,2022年年度报告,2023-04-12,http://static.cninfo.com.cn/finalpage/2023-04-12/1216382340.PDF,000726_鲁泰A\pdf\000726_2022_年报.pdf,success,
000726_annual_2023_7d10d8d7,000726,鲁泰纺织股份有限公司,annual,2023,,2023年年度报告,2024-04-12,http://static.cninfo.com.cn/finalpage/2024-04-12/1219583443.PDF,000726_鲁泰A\pdf\000726_2023_年报.pdf,success,
000726_esg_2023_ce488b89,000726,鲁泰纺织股份有限公司,esg,2023,,2023年度社会责任报告,,,000726_鲁泰A\pdf\000726_2023_CSR.pdf,success,
000726_annual_2024_25a2b2ee,000726,鲁泰纺织股份有限公司,annual,2024,,2024年年度报告,2025-04-10,http://static.cninfo.com.cn/finalpage/2025-04-10/1223044453.PDF,000726_鲁泰A\pdf\000726_2024_年报.pdf,success,
000726_esg_2024_3d8408d2,000726,鲁泰纺织股份有限公司,esg,2024,,2024年度社会责任报告,,,000726_鲁泰A\pdf\000726_2024_CSR.pdf,success,
000877_annual_2013_e9f398e2,000877,新疆天山水泥股份有限公司,annual,2013,,2013年年度报告,2014-03-13,http://static.cninfo.com.cn/finalpage/2014-03-13/63668329.PDF,000877_天山股份\pdf\000877_2013_年报.pdf,success,
000877_esg_2013_ada04335,000877,新疆天山水泥股份有限公司,esg,2013,,2013年度社会责任报告,2014-03-13,http://static.cninfo.com.cn/finalpage/2014-03-13/63668327.PDF,000877_天山股份\pdf\000877_2013_CSR.pdf,success,
000877_annual_2014_16ba52c4,000877,新疆天山水泥股份有限公司,annual,2014,,2014年年度报告,2015-03-21,http://static.cninfo.com.cn/finalpage/2015-03-21/1200722400.PDF,000877_天山股份\pdf\000877_2014_年报.pdf,success,
000877_annual_2015_719e9305,000877,新疆天山水泥股份有限公司,annual,2015,,2015年年度报告,2016-03-26,http://static.cninfo.com.cn/finalpage/2016-03-26/1202082125.PDF,000877_天山股份\pdf\000877_2015_年报.pdf,success,
000877_annual_2016_f054a55f,000877,新疆天山水泥股份有限公司,annual,2016,,2016年年度报告,2017-03-16,http://static.cninfo.com.cn/finalpage/2017-03-16/1203162254.PDF,000877_天山股份\pdf\000877_2016_年报.pdf,success,
000877_annual_2017_fc5456f4,000877,新疆天山水泥股份有限公司,annual,2017,,2017年年度报告,2018-03-23,http://static.cninfo.com.cn/finalpage/2018-03-23/1204507441.PDF,000877_天山股份\pdf\000877_2017_年报.pdf,success,
000877_annual_2018_db87fbe0,000877,新疆天山水泥股份有限公司,annual,2018,,2018年年度报告,2019-03-21,http://static.cninfo.com.cn/finalpage/2019-03-21/1205921881.PDF,000877_天山股份\pdf\000877_2018_年报.pdf,success,
000877_annual_2019_d6bb1207,000877,新疆天山水泥股份有限公司,annual,2019,,2019年年度报告,2020-03-21,http://static.cninfo.com.cn/finalpage/2020-03-21/1207390933.PDF,000877_天山股份\pdf\000877_2019_年报.pdf,success,
000877_annual_2021_6fa97bf1,000877,新疆天山水泥股份有限公司,annual,2021,,2021年年度报告,2022-03-22,http://static.cninfo.com.cn/finalpage/2022-03-22/1212635350.PDF,000877_天山股份\pdf\000877_2021_年报.pdf,success,
000877_esg_2022_11e2fb0e,000877,新疆天山水泥股份有限公司,esg,2022,,2022年度社会责任报告,,,000877_天山股份\pdf\000877_2022_CSR.pdf,success,
000877_esg_2023_efa1fdc4,000877,新疆天山水泥股份有限公司,esg,2023,,2023年度社会责任报告,2024-03-27,http://static.cninfo.com.cn/finalpage/2024-03-27/1219412857.PDF,000877_天山股份\pdf\000877_2023_CSR.pdf,success,
000877_esg_2024_be0479e2,000877,新疆天山水泥股份有限公司,esg,2024,,2024年度社会责任报告,2025-03-27,http://static.cninfo.com.cn/finalpage/2025-03-27/1222912322.PDF,000877_天山股份\pdf\000877_2024_CSR.pdf,success,
002042_esg_2013_4901efeb,002042,华孚时尚股份有限公司,esg,2013,,2013年度社会责任报告,2014-02-28,http://static.cninfo.com.cn/finalpage/2014-02-28/63617403.PDF,002042_华孚时尚\pdf\002042_2013_CSR.pdf,success,
002042_annual_2014_f3d9d7da,002042,华孚时尚股份有限公司,annual,2014,,2014年年度报告,2015-03-30,http://static.cninfo.com.cn/finalpage/2015-03-30/1200753994.PDF,002042_华孚时尚\pdf\002042_2014_年报.pdf,success,
002042_esg_2015_87dac763,002042,华孚时尚股份有限公司,esg,2015,,2015年度社会责任报告,,,002042_华孚时尚\pdf\002042_2015_CSR.pdf,success,
002042_annual_2015_0bc15368,002042,华孚时尚股份有限公司,annual,2015,,2015年年度报告,2016-04-08,http://static.cninfo.com.cn/finalpage/2016-04-08/1202151197.PDF,002042_华孚时尚\pdf\002042_2015_年报.pdf,success,
002042_esg_2016_be6296d0,002042,华孚时尚股份有限公司,esg,2016,,2016年度社会责任报告,,,002042_华孚时尚\pdf\002042_2016_CSR.pdf,success,
002042_annual_2016_224e5511,002042,华孚时尚股份有限公司,annual,2016,,2016年年度报告,2017-03-24,http://static.cninfo.com.cn/finalpage/2017-03-24/1203190648.PDF,002042_华孚时尚\pdf\002042_2016_年报.pdf,success,
002042_annual_2017_3903bd5e,002042,华孚时尚股份有限公司,annual,2017,,2017年年度报告,2018-04-26,http://static.cninfo.com.cn/finalpage/2018-04-26/1204790634.PDF,002042_华孚时尚\pdf\002042_2017_年报.pdf,success,
002042_esg_2017_dc925301,002042,华孚时尚股份有限公司,esg,2017,,2017年度社会责任报告,2018-04-26,http://static.cninfo.com.cn/finalpage/2018-04-26/1204790619.PDF,002042_华孚时尚\pdf\002042_2017_CSR.pdf,success,
002042_annual_2018_2070f4f0,002042,华孚时尚股份有限公司,annual,2018,,2018年年度报告,2019-04-25,http://static.cninfo.com.cn/finalpage/2019-04-25/1206093259.PDF,002042_华孚时尚\pdf\002042_2018_年报.pdf,success,
002042_esg_2018_8d5b0299,002042,华孚时尚股份有限公司,esg,2018,,2018年度社会责任报告,2019-04-25,http://static.cninfo.com.cn/finalpage/2019-04-25/1206093248.PDF,002042_华孚时尚\pdf\002042_2018_CSR.pdf,success,
002042_annual_2019_5bb42e30,002042,华孚时尚股份有限公司,annual,2019,,2019年年度报告,2020-04-29,http://static.cninfo.com.cn/finalpage/2020-04-29/1207662951.PDF,002042_华孚时尚\pdf\002042_2019_年报.pdf,success,
002042_esg_2019_d5a250cb,002042,华孚时尚股份有限公司,esg,2019,,2019年度社会责任报告,2020-04-29,http://static.cninfo.com.cn/finalpage/2020-04-29/1207662945.PDF,002042_华孚时尚\pdf\002042_2019_CSR.pdf,success,
002042_esg_2020_0aa8b72c,002042,华孚时尚股份有限公司,esg,2020,,2020年度社会责任报告,,,002042_华孚时尚\pdf\002042_2020_CSR.pdf,success,
002042_annual_2020_fe11f016,002042,华孚时尚股份有限公司,annual,2020,,2020年年度报告,2021-06-30,http://static.cninfo.com.cn/finalpage/2021-06-30/1210364317.PDF,002042_华孚时尚\pdf\002042_2020_年报.pdf,success,
002042_annual_2021_fb8d7e03,002042,华孚时尚股份有限公司,annual,2021,,2021年年度报告,2022-04-28,http://static.cninfo.com.cn/finalpage/2022-04-28/1213171928.PDF,002042_华孚时尚\pdf\002042_2021_年报.pdf,success,
002042_esg_2021_8453e92f,002042,华孚时尚股份有限公司,esg,2021,,2021年度社会责任报告,,,002042_华孚时尚\pdf\002042_2021_CSR.pdf,success,
002042_esg_2022_85ddbdbe,002042,华孚时尚股份有限公司,esg,2022,,2022年度社会责任报告,,,002042_华孚时尚\pdf\002042_2022_CSR.pdf,success,
002042_annual_2022_610f4f44,002042,华孚时尚股份有限公司,annual,2022,,2022年年度报告,2023-04-29,http://static.cninfo.com.cn/finalpage/2023-04-29/1216696215.PDF,002042_华孚时尚\pdf\002042_2022_年报.pdf,success,
002042_esg_2023_a1aa7a4f,002042,华孚时尚股份有限公司,esg,2023,,2023年度社会责任报告,,,002042_华孚时尚\pdf\002042_2023_CSR.pdf,success,
002042_annual_2023_4d727d88,002042,华孚时尚股份有限公司,annual,2023,,2023年年度报告,2024-04-27,http://static.cninfo.com.cn/finalpage/2024-04-27/1219873788.PDF,002042_华孚时尚\pdf\002042_2023_年报.pdf,success,
002042_esg_2024_6db5eb00,002042,华孚时尚股份有限公司,esg,2024,,2024年度社会责任报告,,,002042_华孚时尚\pdf\002042_2024_CSR.pdf,success,
002042_annual_2024_f1de0b0f,002042,华孚时尚股份有限公司,annual,2024,,2024年年度报告,2025-04-26,http://static.cninfo.com.cn/finalpage/2025-04-26/1223324935.PDF,002042_华孚时尚\pdf\002042_2024_年报.pdf,success,
002078_esg_2013_18493e31,002078,山东太阳纸业股份有限公司,esg,2013,,2013年度社会责任报告,2014-02-28,http://static.cninfo.com.cn/finalpage/2014-02-28/63616399.PDF,002078_太阳纸业\pdf\002078_2013_CSR.pdf,success,
002078_annual_2014_c1ed42cd,002078,山东太阳纸业股份有限公司,annual,2014,,2014年年度报告,2015-04-24,http://static.cninfo.com.cn/finalpage/2015-04-24/1200897405.PDF,002078_太阳纸业\pdf\002078_2014_年报.pdf,success,
002078_esg_2014_0b7cca8b,002078,山东太阳纸业股份有限公司,esg,2014,,2014年度社会责任报告,2015-04-24,http://static.cninfo.com.cn/finalpage/2015-04-24/1200897413.PDF,002078_太阳纸业\pdf\002078_2014_CSR.pdf,success,
002078_esg_2015_1d651f24,002078,山东太阳纸业股份有限公司,esg,2015,,2015年度社会责任报告,2016-04-23,http://static.cninfo.com.cn/finalpage/2016-04-23/1202228617.PDF,002078_太阳纸业\pdf\002078_2015_CSR.pdf,success,
002078_annual_2015_48c46882,002078,山东太阳纸业股份有限公司,annual,2015,,2015年年度报告,2016-04-27,http://static.cninfo.com.cn/finalpage/2016-04-27/1202248231.PDF,002078_太阳纸业\pdf\002078_2015_年报.pdf,success,
002078_esg_2017_971914e9,002078,山东太阳纸业股份有限公司,esg,2017,,2017年度社会责任报告,2018-04-26,http://static.cninfo.com.cn/finalpage/2018-04-26/1204791611.PDF,002078_太阳纸业\pdf\002078_2017_CSR.pdf,success,
002078_annual_2017_e8fa15fd,002078,山东太阳纸业股份有限公司,annual,2017,,2017年年度报告,2018-04-26,http://static.cninfo.com.cn/finalpage/2018-04-26/1204791605.PDF,002078_太阳纸业\pdf\002078_2017_年报.pdf,success,
002078_annual_2018_17fb4538,002078,山东太阳纸业股份有限公司,annual,2018,,2018年年度报告,2019-04-16,http://static.cninfo.com.cn/finalpage/2019-04-16/1206020159.PDF,002078_太阳纸业\pdf\002078_2018_年报.pdf,success,
002078_esg_2018_8777f767,002078,山东太阳纸业股份有限公司,esg,2018,,2018年度社会责任报告,2019-04-16,http://static.cninfo.com.cn/finalpage/2019-04-16/1206020135.PDF,002078_太阳纸业\pdf\002078_2018_CSR.pdf,success,
002078_esg_2019_97850f6f,002078,山东太阳纸业股份有限公司,esg,2019,,2019年度社会责任报告,2020-04-21,http://static.cninfo.com.cn/finalpage/2020-04-21/1207539477.PDF,002078_太阳纸业\pdf\002078_2019_CSR.pdf,success,
002078_annual_2019_bf01b60f,002078,山东太阳纸业股份有限公司,annual,2019,,2019年年度报告,2020-04-21,http://static.cninfo.com.cn/finalpage/2020-04-21/1207539471.PDF,002078_太阳纸业\pdf\002078_2019_年报.pdf,success,
002078_esg_2020_572538e9,002078,山东太阳纸业股份有限公司,esg,2020,,2020年度社会责任报告,,,002078_太阳纸业\pdf\002078_2020_CSR.pdf,success,
002078_annual_2020_d95d2653,002078,山东太阳纸业股份有限公司,annual,2020,,2020年年度报告,2021-04-20,http://static.cninfo.com.cn/finalpage/2021-04-20/1209725764.PDF,002078_太阳纸业\pdf\002078_2020_年报.pdf,success,
002078_esg_2021_150497ea,002078,山东太阳纸业股份有限公司,esg,2021,,2021年度社会责任报告,,,002078_太阳纸业\pdf\002078_2021_CSR.pdf,success,
002078_annual_2021_09264ccf,002078,山东太阳纸业股份有限公司,annual,2021,,2021年年度报告,2022-04-16,http://static.cninfo.com.cn/finalpage/2022-04-16/1212942863.PDF,002078_太阳纸业\pdf\002078_2021_年报.pdf,success,
002078_annual_2022_34adabc4,002078,山东太阳纸业股份有限公司,annual,2022,,2022年年度报告,2023-04-22,http://static.cninfo.com.cn/finalpage/2023-04-22/1216521217.PDF,002078_太阳纸业\pdf\002078_2022_年报.pdf,success,
002078_esg_2022_4db8ca4f,002078,山东太阳纸业股份有限公司,esg,2022,,2022年度社会责任报告,,,002078_太阳纸业\pdf\002078_2022_CSR.pdf,success,
002078_annual_2023_08c4918c,002078,山东太阳纸业股份有限公司,annual,2023,,2023年年度报告,2024-04-10,http://static.cninfo.com.cn/finalpage/2024-04-10/1219554051.PDF,002078_太阳纸业\pdf\002078_2023_年报.pdf,success,
002078_annual_2024_87eb2db7,002078,山东太阳纸业股份有限公司,annual,2024,,2024年年度报告,2025-04-10,http://static.cninfo.com.cn/finalpage/2025-04-10/1223045478.PDF,002078_太阳纸业\pdf\002078_2024_年报.pdf,success,
002422_annual_2013_3db168a6,002422,四川科伦药业股份有限公司,annual,2013,,2013年年度报告,2014-04-26,http://static.cninfo.com.cn/finalpage/2014-04-26/63930431.PDF,002422_科伦药业\pdf\002422_2013_年报.pdf,success,
002422_esg_2014_469a880b,002422,四川科伦药业股份有限公司,esg,2014,,2014年度社会责任报告,2015-03-31,http://static.cninfo.com.cn/finalpage/2015-03-31/1200767198.PDF,002422_科伦药业\pdf\002422_2014_CSR.pdf,success,
002422_annual_2014_dd633599,002422,四川科伦药业股份有限公司,annual,2014,,2014年年度报告,2015-03-31,http://static.cninfo.com.cn/finalpage/2015-03-31/1200767195.PDF,002422_科伦药业\pdf\002422_2014_年报.pdf,success,
002422_annual_2015_5847963f,002422,四川科伦药业股份有限公司,annual,2015,,2015年年度报告,2016-03-30,http://static.cninfo.com.cn/finalpage/2016-03-30/1202098320.PDF,002422_科伦药业\pdf\002422_2015_年报.pdf,success,
002422_esg_2015_1e27b8ea,002422,四川科伦药业股份有限公司,esg,2015,,2015年度社会责任报告,2016-03-30,http://static.cninfo.com.cn/finalpage/2016-03-30/1202098302.PDF,002422_科伦药业\pdf\002422_2015_CSR.pdf,success,
002422_esg_2016_6b420076,002422,四川科伦药业股份有限公司,esg,2016,,2016年度社会责任报告,2017-04-01,http://static.cninfo.com.cn/finalpage/2017-04-01/1203245500.PDF,002422_科伦药业\pdf\002422_2016_CSR.pdf,success,
002422_annual_2016_8fb9cdff,002422,四川科伦药业股份有限公司,annual,2016,,2016年年度报告,2017-03-31,http://static.cninfo.com.cn/finalpage/2017-03-31/1203237714.PDF,002422_科伦药业\pdf\002422_2016_年报.pdf,success,
002422_annual_2017_9000efb2,002422,四川科伦药业股份有限公司,annual,2017,,2017年年度报告,2018-06-27,http://static.cninfo.com.cn/finalpage/2018-06-27/1205094510.PDF,002422_科伦药业\pdf\002422_2017_年报.pdf,success,
002422_esg_2018_237f24c1,002422,四川科伦药业股份有限公司,esg,2018,,2018年度社会责任报告,2019-03-21,http://static.cninfo.com.cn/finalpage/2019-03-21/1205921336.PDF,002422_科伦药业\pdf\002422_2018_CSR.pdf,success,
002422_annual_2018_435516ba,002422,四川科伦药业股份有限公司,annual,2018,,2018年年度报告,2019-03-21,http://static.cninfo.com.cn/finalpage/2019-03-21/1205921358.PDF,002422_科伦药业\pdf\002422_2018_年报.pdf,success,
002422_annual_2020_26d4f18f,002422,四川科伦药业股份有限公司,annual,2020,,2020年年度报告,2021-04-28,http://static.cninfo.com.cn/finalpage/2021-04-28/1209832281.PDF,002422_科伦药业\pdf\002422_2020_年报.pdf,success,
002422_annual_2023_9454d57d,002422,四川科伦药业股份有限公司,annual,2023,,2023年年度报告,2024-04-25,http://static.cninfo.com.cn/finalpage/2024-04-25/1219802169.PDF,002422_科伦药业\pdf\002422_2023_年报.pdf,success,
002422_annual_2024_ead7f985,002422,四川科伦药业股份有限公司,annual,2024,,2024年年度报告,2025-04-24,http://static.cninfo.com.cn/finalpage/2025-04-24/1223239994.PDF,002422_科伦药业\pdf\002422_2024_年报.pdf,success,
002493_annual_2013_2862d6de,002493,荣盛石化股份有限公司,annual,2013,,2013年年度报告,2014-03-12,http://static.cninfo.com.cn/finalpage/2014-03-12/63663285.PDF,002493_荣盛石化\pdf\002493_2013_年报.pdf,success,
002493_annual_2014_79cf8fa5,002493,荣盛石化股份有限公司,annual,2014,,2014年年度报告,2015-06-13,http://static.cninfo.com.cn/finalpage/2015-06-13/1201144506.PDF,002493_荣盛石化\pdf\002493_2014_年报.pdf,success,
002493_annual_2015_21bd090a,002493,荣盛石化股份有限公司,annual,2015,,2015年年度报告,2016-04-26,http://static.cninfo.com.cn/finalpage/2016-04-26/1202241531.PDF,002493_荣盛石化\pdf\002493_2015_年报.pdf,success,
002493_annual_2016_c268ea3d,002493,荣盛石化股份有限公司,annual,2016,,2016年年度报告,2017-04-18,http://static.cninfo.com.cn/finalpage/2017-04-18/1203313508.PDF,002493_荣盛石化\pdf\002493_2016_年报.pdf,success,
002493_annual_2017_af9cd8a8,002493,荣盛石化股份有限公司,annual,2017,,2017年年度报告,2018-03-28,http://static.cninfo.com.cn/finalpage/2018-03-28/1204523318.PDF,002493_荣盛石化\pdf\002493_2017_年报.pdf,success,
002493_annual_2018_da49ce91,002493,荣盛石化股份有限公司,annual,2018,,2018年年度报告,2019-04-17,http://static.cninfo.com.cn/finalpage/2019-04-17/1206042198.PDF,002493_荣盛石化\pdf\002493_2018_年报.pdf,success,
002493_annual_2019_6aa93729,002493,荣盛石化股份有限公司,annual,2019,,2019年年度报告,2020-04-30,http://static.cninfo.com.cn/finalpage/2020-04-30/1207678993.PDF,002493_荣盛石化\pdf\002493_2019_年报.pdf,success,
002493_esg_2019_93b1909f,002493,荣盛石化股份有限公司,esg,2019,,2019年度社会责任报告,2020-04-23,http://static.cninfo.com.cn/finalpage/2020-04-23/1207556039.PDF,002493_荣盛石化\pdf\002493_2019_CSR.pdf,success,
002493_annual_2020_735f281d,002493,荣盛石化股份有限公司,annual,2020,,2020年年度报告,2021-04-15,http://static.cninfo.com.cn/finalpage/2021-04-15/1209689725.PDF,002493_荣盛石化\pdf\002493_2020_年报.pdf,success,
002493_esg_2020_401f57bb,002493,荣盛石化股份有限公司,esg,2020,,2020年度社会责任报告,,,002493_荣盛石化\pdf\002493_2020_CSR.pdf,success,
002493_esg_2021_9e96429e,002493,荣盛石化股份有限公司,esg,2021,,2021年度社会责任报告,,,002493_荣盛石化\pdf\002493_2021_CSR.pdf,success,
002493_annual_2021_12cb2bc8,002493,荣盛石化股份有限公司,annual,2021,,2021年年度报告,2022-04-26,http://static.cninfo.com.cn/finalpage/2022-04-26/1213105311.PDF,002493_荣盛石化\pdf\002493_2021_年报.pdf,success,
002493_annual_2022_c5961153,002493,荣盛石化股份有限公司,annual,2022,,2022年年度报告,2023-04-20,http://static.cninfo.com.cn/finalpage/2023-04-20/1216478209.PDF,002493_荣盛石化\pdf\002493_2022_年报.pdf,success,
002493_esg_2022_634d0a2c,002493,荣盛石化股份有限公司,esg,2022,,2022年度社会责任报告,,,002493_荣盛石化\pdf\002493_2022_CSR.pdf,success,
002493_esg_2023_c7ef442a,002493,荣盛石化股份有限公司,esg,2023,,2023年度社会责任报告,,,002493_荣盛石化\pdf\002493_2023_CSR.pdf,success,
002493_annual_2023_8da919f0,002493,荣盛石化股份有限公司,annual,2023,,2023年年度报告,2024-04-26,http://static.cninfo.com.cn/finalpage/2024-04-26/1219828048.PDF,002493_荣盛石化\pdf\002493_2023_年报.pdf,success,
002493_annual_2024_4afdd282,002493,荣盛石化股份有限公司,annual,2024,,2024年年度报告,2025-04-25,http://static.cninfo.com.cn/finalpage/2025-04-25/1223285131.PDF,002493_荣盛石化\pdf\002493_2024_年报.pdf,success,
002493_esg_2024_e1b25bac,002493,荣盛石化股份有限公司,esg,2024,,2024年度社会责任报告,,,002493_荣盛石化\pdf\002493_2024_CSR.pdf,success,
600028_annual_2013_179b2de5,600028,中国石油化工股份有限公司,annual,2013,,2013年年度报告,2014-03-24,http://static.cninfo.com.cn/finalpage/2014-03-24/63713593.PDF,600028_中国石化\pdf\600028_2013_年报.pdf,success,
600028_annual_2014_0bf02d74,600028,中国石油化工股份有限公司,annual,2014,,2014年年度报告,2015-03-23,http://static.cninfo.com.cn/finalpage/2015-03-23/1200728748.PDF,600028_中国石化\pdf\600028_2014_年报.pdf,success,
600028_annual_2015_2b5b22a9,600028,中国石油化工股份有限公司,annual,2015,,2015年年度报告,2016-03-30,http://static.cninfo.com.cn/finalpage/2016-03-30/1202104376.PDF,600028_中国石化\pdf\600028_2015_年报.pdf,success,
600028_annual_2016_1909e874,600028,中国石油化工股份有限公司,annual,2016,,2016年年度报告,2017-03-27,http://static.cninfo.com.cn/finalpage/2017-03-27/1203202016.PDF,600028_中国石化\pdf\600028_2016_年报.pdf,success,
600028_annual_2017_70c967cf,600028,中国石油化工股份有限公司,annual,2017,,2017年年度报告,2018-03-26,http://static.cninfo.com.cn/finalpage/2018-03-26/1204514448.PDF,600028_中国石化\pdf\600028_2017_年报.pdf,success,
600028_annual_2018_3396717a,600028,中国石油化工股份有限公司,annual,2018,,2018年年度报告,2019-03-25,http://static.cninfo.com.cn/finalpage/2019-03-25/1205932972.PDF,600028_中国石化\pdf\600028_2018_年报.pdf,success,
600028_annual_2019_0ae5baa7,600028,中国石油化工股份有限公司,annual,2019,,2019年年度报告,2020-03-30,http://static.cninfo.com.cn/finalpage/2020-03-30/1207423623.PDF,600028_中国石化\pdf\600028_2019_年报.pdf,success,
600028_annual_2020_c54e2f4c,600028,中国石油化工股份有限公司,annual,2020,,2020年年度报告,2021-03-29,http://static.cninfo.com.cn/finalpage/2021-03-29/1209468064.PDF,600028_中国石化\pdf\600028_2020_年报.pdf,success,
600028_esg_2020_83414405,600028,中国石油化工股份有限公司,esg,2020,,2020年度社会责任报告,,,600028_中国石化\pdf\600028_2020_CSR.pdf,success,
600028_esg_2021_ee90f57f,600028,中国石油化工股份有限公司,esg,2021,,2021年度社会责任报告,,,600028_中国石化\pdf\600028_2021_CSR.pdf,success,
600028_annual_2021_9dcad838,600028,中国石油化工股份有限公司,annual,2021,,2021年年度报告,2022-03-28,http://static.cninfo.com.cn/finalpage/2022-03-28/1212698707.PDF,600028_中国石化\pdf\600028_2021_年报.pdf,success,
600028_esg_2022_0c1e7597,600028,中国石油化工股份有限公司,esg,2022,,2022年度社会责任报告,,,600028_中国石化\pdf\600028_2022_CSR.pdf,success,
600028_annual_2022_0bf9c874,600028,中国石油化工股份有限公司,annual,2022,,2022年年度报告,2023-03-27,http://static.cninfo.com.cn/finalpage/2023-03-27/1216226068.PDF,600028_中国石化\pdf\600028_2022_年报.pdf,success,
600028_esg_2023_205ee9be,600028,中国石油化工股份有限公司,esg,2023,,2023年度社会责任报告,,,600028_中国石化\pdf\600028_2023_CSR.pdf,success,
600028_annual_2023_388036ed,600028,中国石油化工股份有限公司,annual,2023,,2023年年度报告,2024-03-25,http://static.cninfo.com.cn/finalpage/2024-03-25/1219392152.PDF,600028_中国石化\pdf\600028_2023_年报.pdf,success,
600028_annual_2024_06f62d82,600028,中国石油化工股份有限公司,annual,2024,,2024年年度报告,2025-03-24,http://static.cninfo.com.cn/finalpage/2025-03-24/1222873281.PDF,600028_中国石化\pdf\600028_2024_年报.pdf,success,
600028_esg_2024_3fe00a96,600028,中国石油化工股份有限公司,esg,2024,,2024年度社会责任报告,,,600028_中国石化\pdf\600028_2024_CSR.pdf,success,
600196_esg_2013_431db905,600196,上海复星医药(集团)股份有限公司,esg,2013,,2013年度社会责任报告,2014-03-25,http://static.cninfo.com.cn/finalpage/2014-03-25/63720210.PDF,600196_复星医药\pdf\600196_2013_CSR.pdf,success,
600196_annual_2013_220fa9ed,600196,上海复星医药(集团)股份有限公司,annual,2013,,2013年年度报告,2014-03-25,http://static.cninfo.com.cn/finalpage/2014-03-25/63720205.PDF,600196_复星医药\pdf\600196_2013_年报.pdf,success,
600196_esg_2014_0017f4c4,600196,上海复星医药(集团)股份有限公司,esg,2014,,2014年度社会责任报告,2015-03-25,http://static.cninfo.com.cn/finalpage/2015-03-25/1200738215.PDF,600196_复星医药\pdf\600196_2014_CSR.pdf,success,
600196_annual_2014_463b08af,600196,上海复星医药(集团)股份有限公司,annual,2014,,2014年年度报告,2015-05-13,http://static.cninfo.com.cn/finalpage/2015-05-13/1201006913.PDF,600196_复星医药\pdf\600196_2014_年报.pdf,success,
600196_esg_2015_e4b7d08e,600196,上海复星医药(集团)股份有限公司,esg,2015,,2015年度社会责任报告,2016-03-30,http://static.cninfo.com.cn/finalpage/2016-03-30/1202103188.PDF,600196_复星医药\pdf\600196_2015_CSR.pdf,success,
600196_annual_2016_653769c5,600196,上海复星医药(集团)股份有限公司,annual,2016,,2016年年度报告,2017-03-29,http://static.cninfo.com.cn/finalpage/2017-03-29/1203217946.PDF,600196_复星医药\pdf\600196_2016_年报.pdf,success,
600196_esg_2016_7de7e39f,600196,上海复星医药(集团)股份有限公司,esg,2016,,2016年度社会责任报告,2017-03-29,http://static.cninfo.com.cn/finalpage/2017-03-29/1203217955.PDF,600196_复星医药\pdf\600196_2016_CSR.pdf,success,
600196_esg_2017_e1cc81c7,600196,上海复星医药(集团)股份有限公司,esg,2017,,2017年度社会责任报告,2018-03-27,http://static.cninfo.com.cn/finalpage/2018-03-27/1204519219.PDF,600196_复星医药\pdf\600196_2017_CSR.pdf,success,
600196_annual_2017_e442db34,600196,上海复星医药(集团)股份有限公司,annual,2017,,2017年年度报告,2018-05-24,http://static.cninfo.com.cn/finalpage/2018-05-24/1204997751.PDF,600196_复星医药\pdf\600196_2017_年报.pdf,success,
600196_annual_2018_ca4aa2e6,600196,上海复星医药(集团)股份有限公司,annual,2018,,2018年年度报告,2019-03-26,http://static.cninfo.com.cn/finalpage/2019-03-26/1205938869.PDF,600196_复星医药\pdf\600196_2018_年报.pdf,success,
600196_esg_2018_1b4b4d19,600196,上海复星医药(集团)股份有限公司,esg,2018,,2018年度社会责任报告,2019-03-26,http://static.cninfo.com.cn/finalpage/2019-03-26/1205938846.PDF,600196_复星医药\pdf\600196_2018_CSR.pdf,success,
600196_esg_2019_e6da2f67,600196,上海复星医药(集团)股份有限公司,esg,2019,,2019年度社会责任报告,2020-03-31,http://static.cninfo.com.cn/finalpage/2020-03-31/1207432079.PDF,600196_复星医药\pdf\600196_2019_CSR.pdf,success,
600196_esg_2020_559f8345,600196,上海复星医药(集团)股份有限公司,esg,2020,,2020年度社会责任报告,2021-03-30,http://static.cninfo.com.cn/finalpage/2021-03-30/1209477518.PDF,600196_复星医药\pdf\600196_2020_CSR.pdf,success,
600196_esg_2021_34344fb2,600196,上海复星医药(集团)股份有限公司,esg,2021,,2021年度社会责任报告,2022-03-23,http://static.cninfo.com.cn/finalpage/2022-03-23/1212645066.PDF,600196_复星医药\pdf\600196_2021_CSR.pdf,success,
600196_esg_2022_0f4538ba,600196,上海复星医药(集团)股份有限公司,esg,2022,,2022年度社会责任报告,2023-03-28,http://static.cninfo.com.cn/finalpage/2023-03-28/1216237266.PDF,600196_复星医药\pdf\600196_2022_CSR.pdf,success,
600196_annual_2022_3da86052,600196,上海复星医药(集团)股份有限公司,annual,2022,,2022年年度报告,2023-03-28,http://static.cninfo.com.cn/finalpage/2023-03-28/1216237258.PDF,600196_复星医药\pdf\600196_2022_年报.pdf,success,
600196_esg_2023_f504eaa0,600196,上海复星医药(集团)股份有限公司,esg,2023,,2023年度社会责任报告,,,600196_复星医药\pdf\600196_2023_CSR.pdf,success,
600196_annual_2023_ae0201e0,600196,上海复星医药(集团)股份有限公司,annual,2023,,2023年年度报告,2024-03-27,http://static.cninfo.com.cn/finalpage/2024-03-27/1219411300.PDF,600196_复星医药\pdf\600196_2023_年报.pdf,success,
600276_annual_2013_e97943c0,600276,江苏恒瑞医药股份有限公司,annual,2013,,2013年年度报告,2014-04-09,http://static.cninfo.com.cn/finalpage/2014-04-09/63808458.PDF,600276_恒瑞医药\pdf\600276_2013_年报.pdf,success,
600276_annual_2014_70fe81fa,600276,江苏恒瑞医药股份有限公司,annual,2014,,2014年年度报告,2015-03-31,http://static.cninfo.com.cn/finalpage/2015-03-31/1200767411.PDF,600276_恒瑞医药\pdf\600276_2014_年报.pdf,success,
600276_annual_2015_2160c17b,600276,江苏恒瑞医药股份有限公司,annual,2015,,2015年年度报告,2016-04-13,http://static.cninfo.com.cn/finalpage/2016-04-13/1202169974.PDF,600276_恒瑞医药\pdf\600276_2015_年报.pdf,success,
600276_annual_2016_13463a78,600276,江苏恒瑞医药股份有限公司,annual,2016,,2016年年度报告,2017-03-11,http://static.cninfo.com.cn/finalpage/2017-03-11/1203150343.PDF,600276_恒瑞医药\pdf\600276_2016_年报.pdf,success,
600276_annual_2017_c537e3ee,600276,江苏恒瑞医药股份有限公司,annual,2017,,2017年年度报告,2018-04-16,http://static.cninfo.com.cn/finalpage/2018-04-16/1204628853.PDF,600276_恒瑞医药\pdf\600276_2017_年报.pdf,success,
600276_annual_2019_7f155af6,600276,江苏恒瑞医药股份有限公司,annual,2019,,2019年年度报告,2020-03-23,http://static.cninfo.com.cn/finalpage/2020-03-23/1207391538.PDF,600276_恒瑞医药\pdf\600276_2019_年报.pdf,success,
600276_annual_2020_730edd5c,600276,江苏恒瑞医药股份有限公司,annual,2020,,2020年年度报告,2021-04-20,http://static.cninfo.com.cn/finalpage/2021-04-20/1209729223.PDF,600276_恒瑞医药\pdf\600276_2020_年报.pdf,success,
600276_annual_2021_9de5a09e,600276,江苏恒瑞医药股份有限公司,annual,2021,,2021年年度报告,2022-04-23,http://static.cninfo.com.cn/finalpage/2022-04-23/1213053755.PDF,600276_恒瑞医药\pdf\600276_2021_年报.pdf,success,
600276_annual_2022_436770cb,600276,江苏恒瑞医药股份有限公司,annual,2022,,2022年年度报告,2023-04-22,http://static.cninfo.com.cn/finalpage/2023-04-22/1216518776.PDF,600276_恒瑞医药\pdf\600276_2022_年报.pdf,success,
600276_annual_2023_bef306d6,600276,江苏恒瑞医药股份有限公司,annual,2023,,2023年年度报告,2024-04-18,http://static.cninfo.com.cn/finalpage/2024-04-18/1219650115.PDF,600276_恒瑞医药\pdf\600276_2023_年报.pdf,success,
600332_esg_2013_bf094090,600332,广州白云山医药集团股份有限公司,esg,2013,,2013年度社会责任报告,2014-03-18,http://static.cninfo.com.cn/finalpage/2014-03-18/63689010.PDF,600332_白云山\pdf\600332_2013_CSR.pdf,success,
600332_annual_2013_dfb4cd51,600332,广州白云山医药集团股份有限公司,annual,2013,,2013年年度报告,2014-03-18,http://static.cninfo.com.cn/finalpage/2014-03-18/63689005.PDF,600332_白云山\pdf\600332_2013_年报.pdf,success,
600332_annual_2014_d6ace868,600332,广州白云山医药集团股份有限公司,annual,2014,,2014年年度报告,2015-03-20,http://static.cninfo.com.cn/finalpage/2015-03-20/1200720189.PDF,600332_白云山\pdf\600332_2014_年报.pdf,success,
600332_esg_2014_1238feea,600332,广州白云山医药集团股份有限公司,esg,2014,,2014年度社会责任报告,2015-03-20,http://static.cninfo.com.cn/finalpage/2015-03-20/1200720195.PDF,600332_白云山\pdf\600332_2014_CSR.pdf,success,
600332_annual_2015_695fd320,600332,广州白云山医药集团股份有限公司,annual,2015,,2015年年度报告,2016-03-22,http://static.cninfo.com.cn/finalpage/2016-03-22/1202063697.PDF,600332_白云山\pdf\600332_2015_年报.pdf,success,
600332_esg_2015_7323b258,600332,广州白云山医药集团股份有限公司,esg,2015,,2015年度社会责任报告,2016-03-19,http://static.cninfo.com.cn/finalpage/2016-03-19/1202058670.PDF,600332_白云山\pdf\600332_2015_CSR.pdf,success,
600332_annual_2016_77782926,600332,广州白云山医药集团股份有限公司,annual,2016,,2016年年度报告,2017-03-16,http://static.cninfo.com.cn/finalpage/2017-03-16/1203163922.PDF,600332_白云山\pdf\600332_2016_年报.pdf,success,
600332_esg_2016_61106410,600332,广州白云山医药集团股份有限公司,esg,2016,,2016年度社会责任报告,2017-03-16,http://static.cninfo.com.cn/finalpage/2017-03-16/1203163932.PDF,600332_白云山\pdf\600332_2016_CSR.pdf,success,
600332_esg_2017_a5d18b79,600332,广州白云山医药集团股份有限公司,esg,2017,,2017年度社会责任报告,2018-03-16,http://static.cninfo.com.cn/finalpage/2018-03-16/1204480562.PDF,600332_白云山\pdf\600332_2017_CSR.pdf,success,
600332_annual_2018_745f9f73,600332,广州白云山医药集团股份有限公司,annual,2018,,2018年年度报告,2019-03-18,http://static.cninfo.com.cn/finalpage/2019-03-18/1205903862.PDF,600332_白云山\pdf\600332_2018_年报.pdf,success,
600332_esg_2018_534ce644,600332,广州白云山医药集团股份有限公司,esg,2018,,2018年度社会责任报告,,,600332_白云山\pdf\600332_2018_CSR.pdf,success,
600332_annual_2019_ef2afe98,600332,广州白云山医药集团股份有限公司,annual,2019,,2019年年度报告,2020-04-01,http://static.cninfo.com.cn/finalpage/2020-04-01/1207440997.PDF,600332_白云山\pdf\600332_2019_年报.pdf,success,
600332_annual_2020_e89bfb2a,600332,广州白云山医药集团股份有限公司,annual,2020,,2020年年度报告,2021-06-25,http://static.cninfo.com.cn/finalpage/2021-06-25/1210329772.PDF,600332_白云山\pdf\600332_2020_年报.pdf,success,
600332_esg_2020_eb266c72,600332,广州白云山医药集团股份有限公司,esg,2020,,2020年度社会责任报告,,,600332_白云山\pdf\600332_2020_CSR.pdf,success,
600332_esg_2021_55cafe8a,600332,广州白云山医药集团股份有限公司,esg,2021,,2021年度社会责任报告,,,600332_白云山\pdf\600332_2021_CSR.pdf,success,
600332_annual_2021_ccf447dd,600332,广州白云山医药集团股份有限公司,annual,2021,,2021年年度报告,2022-03-19,http://static.cninfo.com.cn/finalpage/2022-03-19/1212628215.PDF,600332_白云山\pdf\600332_2021_年报.pdf,success,
600332_annual_2022_236d5187,600332,广州白云山医药集团股份有限公司,annual,2022,,2022年年度报告,2023-03-18,http://static.cninfo.com.cn/finalpage/2023-03-18/1216149556.PDF,600332_白云山\pdf\600332_2022_年报.pdf,success,
600332_esg_2022_8554f5d8,600332,广州白云山医药集团股份有限公司,esg,2022,,2022年度社会责任报告,,,600332_白云山\pdf\600332_2022_CSR.pdf,success,
600332_annual_2023_d4db1993,600332,广州白云山医药集团股份有限公司,annual,2023,,2023年年度报告,2024-03-23,http://static.cninfo.com.cn/finalpage/2024-03-23/1219386693.PDF,600332_白云山\pdf\600332_2023_年报.pdf,success,
600332_esg_2023_2455f017,600332,广州白云山医药集团股份有限公司,esg,2023,,2023年度社会责任报告,,,600332_白云山\pdf\600332_2023_CSR.pdf,success,
600332_esg_2024_625bb297,600332,广州白云山医药集团股份有限公司,esg,2024,,2024年度社会责任报告,,,600332_白云山\pdf\600332_2024_CSR.pdf,success,
600346_annual_2013_3f698a9e,600346,恒力石化股份有限公司,annual,2013,,2013年年度报告,2014-04-18,http://static.cninfo.com.cn/finalpage/2014-04-18/63860003.PDF,600346_恒力石化\pdf\600346_2013_年报.pdf,success,
600346_annual_2014_9d49eb55,600346,恒力石化股份有限公司,annual,2014,,2014年年度报告,2015-04-16,http://static.cninfo.com.cn/finalpage/2015-04-16/1200838194.PDF,600346_恒力石化\pdf\600346_2014_年报.pdf,success,
600346_annual_2015_3f4fc9cc,600346,恒力石化股份有限公司,annual,2015,,2015年年度报告,2016-04-28,http://static.cninfo.com.cn/finalpage/2016-04-28/1202261619.PDF,600346_恒力石化\pdf\600346_2015_年报.pdf,success,
600346_annual_2019_ffd88a33,600346,恒力石化股份有限公司,annual,2019,,2019年年度报告,2020-05-07,http://static.cninfo.com.cn/finalpage/2020-05-07/1207709153.PDF,600346_恒力石化\pdf\600346_2019_年报.pdf,success,
600346_annual_2020_5689a68b,600346,恒力石化股份有限公司,annual,2020,,2020年年度报告,2021-04-13,http://static.cninfo.com.cn/finalpage/2021-04-13/1209677225.PDF,600346_恒力石化\pdf\600346_2020_年报.pdf,success,
600346_annual_2021_58932ad4,600346,恒力石化股份有限公司,annual,2021,,2021年年度报告,2022-04-22,http://static.cninfo.com.cn/finalpage/2022-04-22/1213015377.PDF,600346_恒力石化\pdf\600346_2021_年报.pdf,success,
600346_esg_2021_018f1488,600346,恒力石化股份有限公司,esg,2021,,2021年度社会责任报告,2022-06-08,http://static.cninfo.com.cn/finalpage/2022-06-08/1213630263.PDF,600346_恒力石化\pdf\600346_2021_CSR.pdf,success,
600346_esg_2022_3311e47c,600346,恒力石化股份有限公司,esg,2022,,2022年度社会责任报告,2023-05-30,http://static.cninfo.com.cn/finalpage/2023-05-30/1216932520.PDF,600346_恒力石化\pdf\600346_2022_CSR.pdf,success,
600346_annual_2022_71025e33,600346,恒力石化股份有限公司,annual,2022,,2022年年度报告,2023-05-30,http://static.cninfo.com.cn/finalpage/2023-05-30/1216932522.PDF,600346_恒力石化\pdf\600346_2022_年报.pdf,success,
600346_annual_2023_4522a1fb,600346,恒力石化股份有限公司,annual,2023,,2023年年度报告,2024-05-14,http://static.cninfo.com.cn/finalpage/2024-05-14/1220040413.PDF,600346_恒力石化\pdf\600346_2023_年报.pdf,success,
600346_esg_2024_9ccd97c4,600346,恒力石化股份有限公司,esg,2024,,2024年度社会责任报告,,,600346_恒力石化\pdf\600346_2024_CSR.pdf,success,
600346_annual_2024_18f7cffe,600346,恒力石化股份有限公司,annual,2024,,2024年年度报告,2025-05-20,http://static.cninfo.com.cn/finalpage/2025-05-20/1223586929.PDF,600346_恒力石化\pdf\600346_2024_年报.pdf,success,
600567_annual_2013_7f7c0120,600567,山鹰国际控股股份公司,annual,2013,,2013年年度报告,2014-04-30,http://static.cninfo.com.cn/finalpage/2014-04-30/63948385.PDF,600567_山鹰国际\pdf\600567_2013_年报.pdf,success,
600567_annual_2014_82ab2033,600567,山鹰国际控股股份公司,annual,2014,,2014年年度报告,2015-04-30,http://static.cninfo.com.cn/finalpage/2015-04-30/1200948307.PDF,600567_山鹰国际\pdf\600567_2014_年报.pdf,success,
600567_annual_2015_bba3f89e,600567,山鹰国际控股股份公司,annual,2015,,2015年年度报告,2016-04-29,http://static.cninfo.com.cn/finalpage/2016-04-29/1202267432.PDF,600567_山鹰国际\pdf\600567_2015_年报.pdf,success,
600567_annual_2016_d83b788a,600567,山鹰国际控股股份公司,annual,2016,,2016年年度报告,2017-06-13,http://static.cninfo.com.cn/finalpage/2017-06-13/1203611680.PDF,600567_山鹰国际\pdf\600567_2016_年报.pdf,success,
600567_annual_2017_92560856,600567,山鹰国际控股股份公司,annual,2017,,2017年年度报告,2018-03-20,http://static.cninfo.com.cn/finalpage/2018-03-20/1204493360.PDF,600567_山鹰国际\pdf\600567_2017_年报.pdf,success,
600567_esg_2019_9de6a334,600567,山鹰国际控股股份公司,esg,2019,,2019年度社会责任报告,2020-04-30,http://static.cninfo.com.cn/finalpage/2020-04-30/1207693044.PDF,600567_山鹰国际\pdf\600567_2019_CSR.pdf,success,
600567_annual_2019_5bf717f6,600567,山鹰国际控股股份公司,annual,2019,,2019年年度报告,2020-05-06,http://static.cninfo.com.cn/finalpage/2020-05-06/1207704645.PDF,600567_山鹰国际\pdf\600567_2019_年报.pdf,success,
600567_annual_2020_0c409c05,600567,山鹰国际控股股份公司,annual,2020,,2020年年度报告,2021-06-23,http://static.cninfo.com.cn/finalpage/2021-06-23/1210312725.PDF,600567_山鹰国际\pdf\600567_2020_年报.pdf,success,
600567_esg_2020_f333bed3,600567,山鹰国际控股股份公司,esg,2020,,2020年度社会责任报告,2021-04-30,http://static.cninfo.com.cn/finalpage/2021-04-30/1209878794.PDF,600567_山鹰国际\pdf\600567_2020_CSR.pdf,success,
600567_annual_2022_13564eeb,600567,山鹰国际控股股份公司,annual,2022,,2022年年度报告,2023-04-29,http://static.cninfo.com.cn/finalpage/2023-04-29/1216704440.PDF,600567_山鹰国际\pdf\600567_2022_年报.pdf,success,
600567_esg_2022_9765c7bc,600567,山鹰国际控股股份公司,esg,2022,,2022年度社会责任报告,,,600567_山鹰国际\pdf\600567_2022_CSR.pdf,success,
600567_annual_2023_84a3aa51,600567,山鹰国际控股股份公司,annual,2023,,2023年年度报告,2024-04-24,http://static.cninfo.com.cn/finalpage/2024-04-24/1219767504.PDF,600567_山鹰国际\pdf\600567_2023_年报.pdf,success,
600567_esg_2024_1fe44fbb,600567,山鹰国际控股股份公司,esg,2024,,2024年度社会责任报告,,,600567_山鹰国际\pdf\600567_2024_CSR.pdf,success,
600567_annual_2024_4446b45f,600567,山鹰国际控股股份公司,annual,2024,,2024年年度报告,2025-04-30,http://static.cninfo.com.cn/finalpage/2025-04-30/1223413849.PDF,600567_山鹰国际\pdf\600567_2024_年报.pdf,success,
600585_annual_2013_8a2265d7,600585,安徽海螺水泥股份有限公司,annual,2013,,2013年年度报告,2014-03-25,http://static.cninfo.com.cn/finalpage/2014-03-25/63719331.PDF,600585_海螺水泥\pdf\600585_2013_年报.pdf,success,
600585_esg_2013_77bcbd8b,600585,安徽海螺水泥股份有限公司,esg,2013,,2013年度社会责任报告,2014-03-25,http://static.cninfo.com.cn/finalpage/2014-03-25/63719337.PDF,600585_海螺水泥\pdf\600585_2013_CSR.pdf,success,
600585_esg_2014_5156baf9,600585,安徽海螺水泥股份有限公司,esg,2014,,2014年度社会责任报告,2015-03-24,http://static.cninfo.com.cn/finalpage/2015-03-24/1200733227.PDF,600585_海螺水泥\pdf\600585_2014_CSR.pdf,success,
600585_annual_2014_2f4b1e42,600585,安徽海螺水泥股份有限公司,annual,2014,,2014年年度报告,2015-03-24,http://static.cninfo.com.cn/finalpage/2015-03-24/1200733224.PDF,600585_海螺水泥\pdf\600585_2014_年报.pdf,success,
600585_esg_2015_fe8830e9,600585,安徽海螺水泥股份有限公司,esg,2015,,2015年度社会责任报告,2016-03-24,http://static.cninfo.com.cn/finalpage/2016-03-24/1202069260.PDF,600585_海螺水泥\pdf\600585_2015_CSR.pdf,success,
600585_annual_2015_197c2ea3,600585,安徽海螺水泥股份有限公司,annual,2015,,2015年年度报告,2016-03-24,http://static.cninfo.com.cn/finalpage/2016-03-24/1202069257.PDF,600585_海螺水泥\pdf\600585_2015_年报.pdf,success,
600585_esg_2016_126dee96,600585,安徽海螺水泥股份有限公司,esg,2016,,2016年度社会责任报告,2017-03-24,http://static.cninfo.com.cn/finalpage/2017-03-24/1203189442.PDF,600585_海螺水泥\pdf\600585_2016_CSR.pdf,success,
600585_annual_2016_dca23574,600585,安徽海螺水泥股份有限公司,annual,2016,,2016年年度报告,2017-03-24,http://static.cninfo.com.cn/finalpage/2017-03-24/1203189438.PDF,600585_海螺水泥\pdf\600585_2016_年报.pdf,success,
600585_esg_2017_7c5c43fc,600585,安徽海螺水泥股份有限公司,esg,2017,,2017年度社会责任报告,2018-03-23,http://static.cninfo.com.cn/finalpage/2018-03-23/1204507126.PDF,600585_海螺水泥\pdf\600585_2017_CSR.pdf,success,
600585_annual_2017_5420a731,600585,安徽海螺水泥股份有限公司,annual,2017,,2017年年度报告,2018-03-23,http://static.cninfo.com.cn/finalpage/2018-03-23/1204507132.PDF,600585_海螺水泥\pdf\600585_2017_年报.pdf,success,
600585_annual_2018_56b2ad7e,600585,安徽海螺水泥股份有限公司,annual,2018,,2018年年度报告,2019-03-22,http://static.cninfo.com.cn/finalpage/2019-03-22/1205923551.PDF,600585_海螺水泥\pdf\600585_2018_年报.pdf,success,
600585_esg_2018_70478e2f,600585,安徽海螺水泥股份有限公司,esg,2018,,2018年度社会责任报告,2019-03-22,http://static.cninfo.com.cn/finalpage/2019-03-22/1205923543.PDF,600585_海螺水泥\pdf\600585_2018_CSR.pdf,success,
600585_esg_2019_1f522c82,600585,安徽海螺水泥股份有限公司,esg,2019,,2019年度社会责任报告,2020-03-21,http://static.cninfo.com.cn/finalpage/2020-03-21/1207389473.PDF,600585_海螺水泥\pdf\600585_2019_CSR.pdf,success,
600585_annual_2019_9b013bd7,600585,安徽海螺水泥股份有限公司,annual,2019,,2019年年度报告,2020-03-21,http://static.cninfo.com.cn/finalpage/2020-03-21/1207389479.PDF,600585_海螺水泥\pdf\600585_2019_年报.pdf,success,
600585_esg_2020_cfa609d8,600585,安徽海螺水泥股份有限公司,esg,2020,,2020年度社会责任报告,,,600585_海螺水泥\pdf\600585_2020_CSR.pdf,success,
600585_esg_2021_6b75eae3,600585,安徽海螺水泥股份有限公司,esg,2021,,2021年度社会责任报告,2022-03-26,http://static.cninfo.com.cn/finalpage/2022-03-26/1212686422.PDF,600585_海螺水泥\pdf\600585_2021_CSR.pdf,success,
600585_annual_2022_bd0a02b5,600585,安徽海螺水泥股份有限公司,annual,2022,,2022年年度报告,2023-03-28,http://static.cninfo.com.cn/finalpage/2023-03-28/1216237464.PDF,600585_海螺水泥\pdf\600585_2022_年报.pdf,success,
600801_annual_2013_367ab169,600801,华新水泥股份有限公司,annual,2013,,2013年年度报告,2014-03-29,http://static.cninfo.com.cn/finalpage/2014-03-29/63752775.PDF,600801_华新建材\pdf\600801_2013_年报.pdf,success,
600801_annual_2014_144ef644,600801,华新水泥股份有限公司,annual,2014,,2014年年度报告,2015-03-27,http://static.cninfo.com.cn/finalpage/2015-03-27/1200750046.PDF,600801_华新建材\pdf\600801_2014_年报.pdf,success,
600801_annual_2015_becd304b,600801,华新水泥股份有限公司,annual,2015,,2015年年度报告,2016-03-31,http://static.cninfo.com.cn/finalpage/2016-03-31/1202113147.PDF,600801_华新建材\pdf\600801_2015_年报.pdf,success,
600801_annual_2016_9e425b8d,600801,华新水泥股份有限公司,annual,2016,,2016年年度报告,2017-03-24,http://static.cninfo.com.cn/finalpage/2017-03-24/1203190337.PDF,600801_华新建材\pdf\600801_2016_年报.pdf,success,
600801_annual_2017_62683f4e,600801,华新水泥股份有限公司,annual,2017,,2017年年度报告,2018-05-15,http://static.cninfo.com.cn/finalpage/2018-05-15/1204941629.PDF,600801_华新建材\pdf\600801_2017_年报.pdf,success,
600801_annual_2018_661d621d,600801,华新水泥股份有限公司,annual,2018,,2018年年度报告,2019-03-30,http://static.cninfo.com.cn/finalpage/2019-03-30/1205964627.PDF,600801_华新建材\pdf\600801_2018_年报.pdf,success,
600801_esg_2018_9b00b07e,600801,华新水泥股份有限公司,esg,2018,,2018年度社会责任报告,,,600801_华新建材\pdf\600801_2018_CSR.pdf,success,
600801_annual_2019_c7a4a39a,600801,华新水泥股份有限公司,annual,2019,,2019年年度报告,2020-04-29,http://static.cninfo.com.cn/finalpage/2020-04-29/1207668512.PDF,600801_华新建材\pdf\600801_2019_年报.pdf,success,
600801_esg_2019_3371102c,600801,华新水泥股份有限公司,esg,2019,,2019年度社会责任报告,,,600801_华新建材\pdf\600801_2019_CSR.pdf,success,
600801_esg_2020_04084ee5,600801,华新水泥股份有限公司,esg,2020,,2020年度社会责任报告,,,600801_华新建材\pdf\600801_2020_CSR.pdf,success,
600801_annual_2020_5e3393df,600801,华新水泥股份有限公司,annual,2020,,2020年年度报告,2021-03-30,http://static.cninfo.com.cn/finalpage/2021-03-30/1209472843.PDF,600801_华新建材\pdf\600801_2020_年报.pdf,success,
600801_esg_2021_79768d42,600801,华新水泥股份有限公司,esg,2021,,2021年度社会责任报告,,,600801_华新建材\pdf\600801_2021_CSR.pdf,success,
600801_annual_2021_af8128a5,600801,华新水泥股份有限公司,annual,2021,,2021年年度报告,2022-03-30,http://static.cninfo.com.cn/finalpage/2022-03-30/1212729802.PDF,600801_华新建材\pdf\600801_2021_年报.pdf,success,
600801_annual_2022_8b198a8a,600801,华新水泥股份有限公司,annual,2022,,2022年年度报告,2023-03-29,http://static.cninfo.com.cn/finalpage/2023-03-29/1216246923.PDF,600801_华新建材\pdf\600801_2022_年报.pdf,success,
600801_esg_2022_5ac1dbc2,600801,华新水泥股份有限公司,esg,2022,,2022年度社会责任报告,,,600801_华新建材\pdf\600801_2022_CSR.pdf,success,
600801_annual_2023_f5140efa,600801,华新水泥股份有限公司,annual,2023,,2023年年度报告,2024-03-29,http://static.cninfo.com.cn/finalpage/2024-03-29/1219448741.PDF,600801_华新建材\pdf\600801_2023_年报.pdf,success,
600801_annual_2024_1552b9ef,600801,华新水泥股份有限公司,annual,2024,,2024年年度报告,2025-03-27,http://static.cninfo.com.cn/finalpage/2025-03-27/1222912425.PDF,600801_华新建材\pdf\600801_2024_年报.pdf,success,
600801_esg_2024_588150e1,600801,华新水泥股份有限公司,esg,2024,,2024年度社会责任报告,,,600801_华新建材\pdf\600801_2024_CSR.pdf,success,
